epoch,lr,Train loss,Validation loss,Accuracy,IoU,Precision,Recall,Dice
0,0.01,0.5559730529785156,0.4615735709667206,0.8779760003089905,0.0,0.0,0.0,0.0
1,0.00999,0.48196879029273987,,,,,,
2,0.009980000000000001,0.400287002325058,,,,,,
3,0.009970000000000001,0.3416433334350586,,,,,,
4,0.009960000000000002,0.3082677721977234,,,,,,
5,0.009950000000000002,0.25529220700263977,,,,,,
6,0.009940000000000003,0.209105983376503,,,,,,
7,0.009930000000000003,0.21526247262954712,,,,,,
8,0.009920000000000003,0.21207588911056519,,,,,,
9,0.009910000000000004,0.20243380963802338,,,,,,
10,0.009900000000000004,0.19542984664440155,,,,,,
11,0.009890000000000005,0.18147853016853333,,,,,,
12,0.009880000000000005,0.18601959943771362,,,,,,
13,0.009870000000000006,0.17849516868591309,,,,,,
14,0.009860000000000006,0.17496652901172638,,,,,,
15,0.009850000000000006,0.1691690981388092,,,,,,
16,0.009840000000000007,0.16754348576068878,,,,,,
17,0.009830000000000007,0.16141243278980255,,,,,,
18,0.009820000000000006,0.16120849549770355,,,,,,
19,0.009810000000000006,0.16517984867095947,,,,,,
20,0.009800000000000007,0.1765359789133072,,,,,,
21,0.009790000000000007,0.15977144241333008,,,,,,
22,0.009780000000000007,0.16206765174865723,,,,,,
23,0.009770000000000008,0.15876388549804688,,,,,,
24,0.009760000000000008,0.15913128852844238,,,,,,
25,0.009750000000000009,0.1564853936433792,,,,,,
26,0.009740000000000009,0.15526053309440613,,,,,,
27,0.00973000000000001,0.15583491325378418,,,,,,
28,0.00972000000000001,0.15758049488067627,,,,,,
29,0.00971000000000001,0.15674223005771637,,,,,,
30,0.00970000000000001,0.1542702615261078,,,,,,
31,0.009690000000000011,0.1551220864057541,,,,,,
32,0.00968000000000001,0.15038980543613434,,,,,,
33,0.00967000000000001,0.15396270155906677,,,,,,
34,0.00966000000000001,0.14996486902236938,,,,,,
35,0.009650000000000011,0.15485773980617523,,,,,,
36,0.00964000000000001,0.15291494131088257,,,,,,
37,0.00963000000000001,0.15370501577854156,,,,,,
38,0.00962000000000001,0.15196628868579865,,,,,,
39,0.009610000000000011,0.14932748675346375,,,,,,
40,0.009600000000000011,0.1542695313692093,,,,,,
41,0.00959000000000001,0.14730499684810638,,,,,,
42,0.00958000000000001,0.14871037006378174,,,,,,
43,0.00957000000000001,0.14671854674816132,,,,,,
44,0.009560000000000011,0.14571474492549896,,,,,,
45,0.009550000000000012,0.1462673395872116,,,,,,
46,0.009540000000000012,0.14643287658691406,,,,,,
47,0.009530000000000012,0.16799414157867432,,,,,,
48,0.009520000000000013,0.15730707347393036,,,,,,
49,0.009510000000000013,0.15734772384166718,,,,,,
50,0.009500000000000014,0.15550637245178223,0.2126585990190506,0.9228858351707458,0.42853620648384094,0.8174068331718445,0.47390127182006836,0.5999654531478882
51,0.009490000000000012,0.14848968386650085,,,,,,
52,0.009480000000000013,0.1510964334011078,,,,,,
53,0.009470000000000013,0.14785288274288177,,,,,,
54,0.009460000000000014,0.150429829955101,,,,,,
55,0.009450000000000014,0.14682649075984955,,,,,,
56,0.009440000000000014,0.14312568306922913,,,,,,
57,0.009430000000000013,0.14274823665618896,,,,,,
58,0.009420000000000013,0.14600816369056702,,,,,,
59,0.009410000000000014,0.1406964659690857,,,,,,
60,0.009400000000000013,0.14491668343544006,,,,,,
61,0.009390000000000013,0.14245373010635376,,,,,,
62,0.009380000000000012,0.14141695201396942,,,,,,
63,0.009370000000000014,0.14646349847316742,,,,,,
64,0.009360000000000012,0.14253076910972595,,,,,,
65,0.009350000000000013,0.14267867803573608,,,,,,
66,0.009340000000000011,0.14633208513259888,,,,,,
67,0.009330000000000012,0.1435801088809967,,,,,,
68,0.00932000000000001,0.13880592584609985,,,,,,
69,0.009310000000000013,0.1409374475479126,,,,,,
70,0.009300000000000011,0.13953158259391785,,,,,,
71,0.009290000000000012,0.14435498416423798,,,,,,
72,0.009280000000000012,0.13911093771457672,,,,,,
73,0.009270000000000013,0.13832879066467285,,,,,,
74,0.009260000000000013,0.1369568407535553,,,,,,
75,0.009250000000000013,0.14138470590114594,,,,,,
76,0.009240000000000014,0.1439308077096939,,,,,,
77,0.009230000000000014,0.13877809047698975,,,,,,
78,0.009220000000000015,0.14424113929271698,,,,,,
79,0.009210000000000015,0.1410018354654312,,,,,,
80,0.009200000000000015,0.14140008389949799,,,,,,
81,0.009190000000000014,0.14110830426216125,,,,,,
82,0.009180000000000015,0.1415477693080902,,,,,,
83,0.009170000000000015,0.13590875267982483,,,,,,
84,0.009160000000000015,0.14260251820087433,,,,,,
85,0.009150000000000016,0.13768461346626282,,,,,,
86,0.009140000000000016,0.13887998461723328,,,,,,
87,0.009130000000000017,0.14194606244564056,,,,,,
88,0.009120000000000017,0.13991862535476685,,,,,,
89,0.009110000000000017,0.13673612475395203,,,,,,
90,0.009100000000000018,0.13811717927455902,,,,,,
91,0.009090000000000018,0.1359037458896637,,,,,,
92,0.009080000000000019,0.1355273723602295,,,,,,
93,0.009070000000000019,0.13606615364551544,,,,,,
94,0.00906000000000002,0.14163562655448914,,,,,,
95,0.00905000000000002,0.13761350512504578,,,,,,
96,0.00904000000000002,0.13798114657402039,,,,,,
97,0.00903000000000002,0.1358851045370102,,,,,,
98,0.009020000000000021,0.13253547251224518,,,,,,
99,0.009010000000000021,0.13516701757907867,,,,,,
100,0.009000000000000022,0.1374852955341339,0.14014796912670135,0.9446488618850708,0.6168654561042786,0.7988119125366211,0.7303322553634644,0.763038694858551
101,0.008990000000000022,0.13424532115459442,,,,,,
102,0.008980000000000021,0.13407006859779358,,,,,,
103,0.008970000000000021,0.13354063034057617,,,,,,
104,0.008960000000000022,0.14010831713676453,,,,,,
105,0.008950000000000022,0.1300351619720459,,,,,,
106,0.00894000000000002,0.1344112902879715,,,,,,
107,0.008930000000000021,0.13695098459720612,,,,,,
108,0.008920000000000022,0.1337577849626541,,,,,,
109,0.008910000000000022,0.14069029688835144,,,,,,
110,0.008900000000000022,0.1301867663860321,,,,,,
111,0.008890000000000023,0.12819969654083252,,,,,,
112,0.008880000000000023,0.13287632167339325,,,,,,
113,0.008870000000000024,0.13145563006401062,,,,,,
114,0.008860000000000024,0.13599173724651337,,,,,,
115,0.008850000000000025,0.13311778008937836,,,,,,
116,0.008840000000000023,0.1298733353614807,,,,,,
117,0.008830000000000024,0.1310286670923233,,,,,,
118,0.008820000000000024,0.13280631601810455,,,,,,
119,0.008810000000000024,0.13145358860492706,,,,,,
120,0.008800000000000025,0.12762713432312012,,,,,,
121,0.008790000000000025,0.13113917410373688,,,,,,
122,0.008780000000000024,0.12983238697052002,,,,,,
123,0.008770000000000023,0.13608938455581665,,,,,,
124,0.008760000000000023,0.13026750087738037,,,,,,
125,0.008750000000000023,0.1297760307788849,,,,,,
126,0.008740000000000024,0.13389946520328522,,,,,,
127,0.008730000000000022,0.1320885866880417,,,,,,
128,0.008720000000000023,0.1329236924648285,,,,,,
129,0.008710000000000023,0.12883806228637695,,,,,,
130,0.008700000000000024,0.1325266808271408,,,,,,
131,0.008690000000000024,0.13105508685112,,,,,,
132,0.008680000000000025,0.1304486095905304,,,,,,
133,0.008670000000000025,0.12819451093673706,,,,,,
134,0.008660000000000024,0.1339997500181198,,,,,,
135,0.008650000000000024,0.12849219143390656,,,,,,
136,0.008640000000000023,0.13076359033584595,,,,,,
137,0.008630000000000023,0.1263408660888672,,,,,,
138,0.008620000000000023,0.12741005420684814,,,,,,
139,0.008610000000000024,0.13204802572727203,,,,,,
140,0.008600000000000024,0.12757593393325806,,,,,,
141,0.008590000000000025,0.1257016360759735,,,,,,
142,0.008580000000000025,0.1279834359884262,,,,,,
143,0.008570000000000026,0.12922583520412445,,,,,,
144,0.008560000000000026,0.13190686702728271,,,,,,
145,0.008550000000000026,0.12464714050292969,,,,,,
146,0.008540000000000027,0.1262514889240265,,,,,,
147,0.008530000000000027,0.1328384280204773,,,,,,
148,0.008520000000000028,0.12657395005226135,,,,,,
149,0.008510000000000028,0.13120420277118683,,,,,,
150,0.008500000000000028,0.13148066401481628,0.13720670342445374,0.9456748366355896,0.638132631778717,0.7731997966766357,0.7850860953330994,0.7790976166725159
151,0.008490000000000029,0.1310538500547409,,,,,,
152,0.00848000000000003,0.12869618833065033,,,,,,
153,0.00847000000000003,0.13482916355133057,,,,,,
154,0.00846000000000003,0.13094362616539001,,,,,,
155,0.00845000000000003,0.1315131038427353,,,,,,
156,0.00844000000000003,0.1289914846420288,,,,,,
157,0.008430000000000031,0.1279090940952301,,,,,,
158,0.008420000000000032,0.13106709718704224,,,,,,
159,0.008410000000000032,0.12576381862163544,,,,,,
160,0.008400000000000032,0.1276393085718155,,,,,,
161,0.008390000000000033,0.1288582682609558,,,,,,
162,0.008380000000000033,0.12854459881782532,,,,,,
163,0.008370000000000034,0.12950414419174194,,,,,,
164,0.008360000000000034,0.1279022991657257,,,,,,
165,0.008350000000000034,0.12388698756694794,,,,,,
166,0.008340000000000035,0.12741120159626007,,,,,,
167,0.008330000000000035,0.12670816481113434,,,,,,
168,0.008320000000000036,0.12751463055610657,,,,,,
169,0.008310000000000034,0.1271146535873413,,,,,,
170,0.008300000000000035,0.12363213300704956,,,,,,
171,0.008290000000000035,0.12334220111370087,,,,,,
172,0.008280000000000037,0.1264457255601883,,,,,,
173,0.008270000000000036,0.12451983988285065,,,,,,
174,0.008260000000000038,0.12768825888633728,,,,,,
175,0.008250000000000037,0.1278553158044815,,,,,,
176,0.008240000000000037,0.12824538350105286,,,,,,
177,0.008230000000000036,0.12939858436584473,,,,,,
178,0.008220000000000036,0.12565447390079498,,,,,,
179,0.008210000000000035,0.1269684135913849,,,,,,
180,0.008200000000000035,0.12130849063396454,,,,,,
181,0.008190000000000034,0.1239810585975647,,,,,,
182,0.008180000000000034,0.13236242532730103,,,,,,
183,0.008170000000000033,0.12266077846288681,,,,,,
184,0.008160000000000035,0.12816675007343292,,,,,,
185,0.008150000000000034,0.1267748475074768,,,,,,
186,0.008140000000000034,0.12907403707504272,,,,,,
187,0.008130000000000033,0.12739278376102448,,,,,,
188,0.008120000000000033,0.1257542222738266,,,,,,
189,0.008110000000000032,0.12473239004611969,,,,,,
190,0.008100000000000033,0.126432403922081,,,,,,
191,0.008090000000000031,0.12739260494709015,,,,,,
192,0.008080000000000033,0.13266396522521973,,,,,,
193,0.008070000000000032,0.12694598734378815,,,,,,
194,0.008060000000000034,0.13028229773044586,,,,,,
195,0.008050000000000033,0.13090641796588898,,,,,,
196,0.008040000000000033,0.128827303647995,,,,,,
197,0.008030000000000032,0.12806621193885803,,,,,,
198,0.008020000000000032,0.125721737742424,,,,,,
199,0.008010000000000031,0.12542665004730225,,,,,,
200,0.008000000000000031,0.12704287469387054,0.1280040591955185,0.9481468796730042,0.6539472341537476,0.7788847088813782,0.8030268549919128,0.7907715439796448
201,0.00799000000000003,0.1263018548488617,,,,,,
202,0.007980000000000032,0.12568530440330505,,,,,,
203,0.007970000000000031,0.12249299883842468,,,,,,
204,0.007960000000000031,0.12300945818424225,,,,,,
205,0.007950000000000032,0.12605029344558716,,,,,,
206,0.007940000000000032,0.12801805138587952,,,,,,
207,0.007930000000000033,0.13171660900115967,,,,,,
208,0.007920000000000033,0.12489859759807587,,,,,,
209,0.007910000000000033,0.12764045596122742,,,,,,
210,0.007900000000000034,0.1253620684146881,,,,,,
211,0.007890000000000034,0.12008596211671829,,,,,,
212,0.007880000000000035,0.1262686550617218,,,,,,
213,0.007870000000000035,0.12391645461320877,,,,,,
214,0.007860000000000035,0.12316249310970306,,,,,,
215,0.007850000000000036,0.12150906026363373,,,,,,
216,0.007840000000000036,0.12345394492149353,,,,,,
217,0.007830000000000037,0.12406326830387115,,,,,,
218,0.007820000000000037,0.12458781898021698,,,,,,
219,0.007810000000000037,0.12214995920658112,,,,,,
220,0.007800000000000037,0.1219930425286293,,,,,,
221,0.007790000000000037,0.11743226647377014,,,,,,
222,0.007780000000000038,0.12204426527023315,,,,,,
223,0.007770000000000038,0.12570209801197052,,,,,,
224,0.007760000000000038,0.12360277771949768,,,,,,
225,0.007750000000000038,0.12753234803676605,,,,,,
226,0.007740000000000038,0.11977825313806534,,,,,,
227,0.007730000000000037,0.12269889563322067,,,,,,
228,0.007720000000000037,0.12434271723031998,,,,,,
229,0.007710000000000036,0.12496604025363922,,,,,,
230,0.007700000000000037,0.12318349629640579,,,,,,
231,0.007690000000000036,0.1228201687335968,,,,,,
232,0.007680000000000037,0.12317855656147003,,,,,,
233,0.007670000000000036,0.1247691959142685,,,,,,
234,0.007660000000000037,0.12775962054729462,,,,,,
235,0.007650000000000037,0.12817364931106567,,,,,,
236,0.007640000000000037,0.12634727358818054,,,,,,
237,0.007630000000000037,0.12585218250751495,,,,,,
238,0.0076200000000000365,0.12477688491344452,,,,,,
239,0.007610000000000036,0.12472936511039734,,,,,,
240,0.007600000000000036,0.12138111889362335,,,,,,
241,0.007590000000000037,0.12090164422988892,,,,,,
242,0.007580000000000037,0.1206681877374649,,,,,,
243,0.007570000000000038,0.1211824044585228,,,,,,
244,0.007560000000000037,0.12237581610679626,,,,,,
245,0.007550000000000038,0.12167186290025711,,,,,,
246,0.007540000000000037,0.12321560084819794,,,,,,
247,0.0075300000000000375,0.12508881092071533,,,,,,
248,0.007520000000000037,0.1199018657207489,,,,,,
249,0.0075100000000000375,0.12218920886516571,,,,,,
250,0.007500000000000038,0.12115554511547089,0.1433829516172409,0.9443341493606567,0.6516510844230652,0.7338061928749084,0.8533836007118225,0.7890905141830444
251,0.007490000000000038,0.1216530054807663,,,,,,
252,0.007480000000000038,0.12041053920984268,,,,,,
253,0.007470000000000037,0.1261294037103653,,,,,,
254,0.007460000000000037,0.12198120355606079,,,,,,
255,0.0074500000000000365,0.12006810307502747,,,,,,
256,0.007440000000000037,0.12088702619075775,,,,,,
257,0.007430000000000036,0.1268586814403534,,,,,,
258,0.007420000000000036,0.11848664283752441,,,,,,
259,0.007410000000000036,0.11893880367279053,,,,,,
260,0.007400000000000036,0.11845703423023224,,,,,,
261,0.007390000000000036,0.11931034177541733,,,,,,
262,0.007380000000000037,0.12192252278327942,,,,,,
263,0.007370000000000037,0.11930306255817413,,,,,,
264,0.0073600000000000375,0.11714819073677063,,,,,,
265,0.007350000000000037,0.12348814308643341,,,,,,
266,0.0073400000000000375,0.12424423545598984,,,,,,
267,0.007330000000000038,0.12665246427059174,,,,,,
268,0.007320000000000037,0.12036286294460297,,,,,,
269,0.007310000000000038,0.1211719959974289,,,,,,
270,0.007300000000000037,0.12230800092220306,,,,,,
271,0.007290000000000037,0.12065289914608002,,,,,,
272,0.007280000000000037,0.12281806021928787,,,,,,
273,0.007270000000000038,0.12101347744464874,,,,,,
274,0.007260000000000038,0.11859229952096939,,,,,,
275,0.0072500000000000385,0.12141836434602737,,,,,,
276,0.007240000000000038,0.12663720548152924,,,,,,
277,0.0072300000000000385,0.11963121592998505,,,,,,
278,0.007220000000000039,0.12339470535516739,,,,,,
279,0.007210000000000039,0.12281335890293121,,,,,,
280,0.007200000000000039,0.1232605129480362,,,,,,
281,0.007190000000000039,0.12201373279094696,,,,,,
282,0.00718000000000004,0.12124301493167877,,,,,,
283,0.007170000000000041,0.12176436185836792,,,,,,
284,0.00716000000000004,0.11969928443431854,,,,,,
285,0.00715000000000004,0.12061204016208649,,,,,,
286,0.007140000000000039,0.12013917416334152,,,,,,
287,0.007130000000000039,0.12008174508810043,,,,,,
288,0.007120000000000038,0.11903651058673859,,,,,,
289,0.007110000000000039,0.12321852892637253,,,,,,
290,0.007100000000000038,0.11977129429578781,,,,,,
291,0.007090000000000038,0.12691739201545715,,,,,,
292,0.007080000000000038,0.12179062515497208,,,,,,
293,0.007070000000000039,0.11848094314336777,,,,,,
294,0.007060000000000038,0.12105695903301239,,,,,,
295,0.007050000000000039,0.12046785652637482,,,,,,
296,0.007040000000000038,0.1215822845697403,,,,,,
297,0.00703000000000004,0.12467668950557709,,,,,,
298,0.007020000000000038,0.12295793741941452,,,,,,
299,0.00701000000000004,0.12122981995344162,,,,,,
300,0.007000000000000038,0.12289203703403473,0.12567497789859772,0.9487943649291992,0.6542048454284668,0.7880383729934692,0.793903112411499,0.790959894657135
301,0.00699000000000004,0.12344476580619812,,,,,,
302,0.006980000000000038,0.11901330947875977,,,,,,
303,0.006970000000000039,0.12287940084934235,,,,,,
304,0.006960000000000037,0.12446225434541702,,,,,,
305,0.006950000000000039,0.11795204132795334,,,,,,
306,0.006940000000000037,0.12325891852378845,,,,,,
307,0.0069300000000000386,0.12485333532094955,,,,,,
308,0.006920000000000037,0.11938940733671188,,,,,,
309,0.0069100000000000385,0.12124520540237427,,,,,,
310,0.006900000000000037,0.11921380460262299,,,,,,
311,0.0068900000000000385,0.1220080778002739,,,,,,
312,0.006880000000000037,0.11989579349756241,,,,,,
313,0.0068700000000000375,0.11639133095741272,,,,,,
314,0.006860000000000036,0.12176042050123215,,,,,,
315,0.0068500000000000375,0.12026702612638474,,,,,,
316,0.006840000000000036,0.11964348703622818,,,,,,
317,0.006830000000000037,0.11871124058961868,,,,,,
318,0.006820000000000036,0.12029459327459335,,,,,,
319,0.0068100000000000365,0.11989934742450714,,,,,,
320,0.006800000000000036,0.11782746016979218,,,,,,
321,0.0067900000000000365,0.11976505815982819,,,,,,
322,0.006780000000000035,0.12046127021312714,,,,,,
323,0.006770000000000036,0.12178365141153336,,,,,,
324,0.006760000000000035,0.12502135336399078,,,,,,
325,0.006750000000000036,0.1198338195681572,,,,,,
326,0.006740000000000035,0.1175929456949234,,,,,,
327,0.006730000000000035,0.12496651709079742,,,,,,
328,0.006720000000000034,0.12170778214931488,,,,,,
329,0.0067100000000000345,0.12446670234203339,,,,,,
330,0.006700000000000033,0.12275303900241852,,,,,,
331,0.0066900000000000345,0.11910074949264526,,,,,,
332,0.006680000000000033,0.11726154386997223,,,,,,
333,0.0066700000000000335,0.11714824289083481,,,,,,
334,0.006660000000000032,0.11969861388206482,,,,,,
335,0.0066500000000000335,0.11881913244724274,,,,,,
336,0.006640000000000032,0.12170039862394333,,,,,,
337,0.0066300000000000334,0.1175396591424942,,,,,,
338,0.006620000000000032,0.12097138911485672,,,,,,
339,0.006610000000000033,0.1209336370229721,,,,,,
340,0.006600000000000033,0.11900166422128677,,,,,,
341,0.006590000000000034,0.1174222081899643,,,,,,
342,0.006580000000000033,0.1257980465888977,,,,,,
343,0.006570000000000034,0.11816398799419403,,,,,,
344,0.006560000000000034,0.11953991651535034,,,,,,
345,0.006550000000000034,0.11704833060503006,,,,,,
346,0.0065400000000000345,0.12350468337535858,,,,,,
347,0.006530000000000035,0.11913920193910599,,,,,,
348,0.0065200000000000344,0.12005162239074707,,,,,,
349,0.006510000000000035,0.11877746880054474,,,,,,
350,0.006500000000000034,0.11845484375953674,0.1308925449848175,0.9479708075523376,0.6594429612159729,0.7661391496658325,0.8256374001502991,0.7947763204574585
351,0.006490000000000035,0.12185055017471313,,,,,,
352,0.006480000000000034,0.11983656883239746,,,,,,
353,0.006470000000000034,0.11588753759860992,,,,,,
354,0.006460000000000034,0.12050603330135345,,,,,,
355,0.006450000000000034,0.12072236835956573,,,,,,
356,0.006440000000000034,0.11904866248369217,,,,,,
357,0.006430000000000035,0.11522715538740158,,,,,,
358,0.006420000000000035,0.11770223081111908,,,,,,
359,0.006410000000000035,0.11912046372890472,,,,,,
360,0.006400000000000035,0.12131378799676895,,,,,,
361,0.0063900000000000345,0.12086711078882217,,,,,,
362,0.006380000000000034,0.12140114605426788,,,,,,
363,0.0063700000000000345,0.12119928002357483,,,,,,
364,0.006360000000000034,0.11943742632865906,,,,,,
365,0.006350000000000034,0.1211029440164566,,,,,,
366,0.006340000000000033,0.11818990111351013,,,,,,
367,0.0063300000000000335,0.12148208171129227,,,,,,
368,0.006320000000000033,0.12008777260780334,,,,,,
369,0.006310000000000033,0.11931067705154419,,,,,,
370,0.006300000000000033,0.1157856211066246,,,,,,
371,0.006290000000000033,0.11878982186317444,,,,,,
372,0.006280000000000033,0.11538232862949371,,,,,,
373,0.0062700000000000325,0.12063068151473999,,,,,,
374,0.006260000000000032,0.11993086338043213,,,,,,
375,0.0062500000000000324,0.12088681012392044,,,,,,
376,0.006240000000000032,0.11920136213302612,,,,,,
377,0.006230000000000032,0.12296102941036224,,,,,,
378,0.006220000000000033,0.11853368580341339,,,,,,
379,0.006210000000000033,0.12068355828523636,,,,,,
380,0.006200000000000033,0.11785747855901718,,,,,,
381,0.006190000000000033,0.12046721577644348,,,,,,
382,0.0061800000000000336,0.12078484892845154,,,,,,
383,0.006170000000000033,0.11578874289989471,,,,,,
384,0.006160000000000033,0.11766712367534637,,,,,,
385,0.006150000000000032,0.12353713810443878,,,,,,
386,0.006140000000000033,0.1172114908695221,,,,,,
387,0.006130000000000032,0.11786654591560364,,,,,,
388,0.006120000000000032,0.12349405884742737,,,,,,
389,0.006110000000000032,0.11942638456821442,,,,,,
390,0.0061000000000000325,0.11678605526685715,,,,,,
391,0.006090000000000033,0.11640264093875885,,,,,,
392,0.006080000000000032,0.11953610926866531,,,,,,
393,0.006070000000000032,0.11635585129261017,,,,,,
394,0.006060000000000032,0.11594848334789276,,,,,,
395,0.006050000000000033,0.1172526404261589,,,,,,
396,0.006040000000000033,0.11748944222927094,,,,,,
397,0.006030000000000034,0.11666572839021683,,,,,,
398,0.006020000000000034,0.11867468804121017,,,,,,
399,0.006010000000000034,0.11835425347089767,,,,,,
400,0.006000000000000034,0.1180725172162056,0.1215636283159256,0.9501239657402039,0.6681150794029236,0.7803771495819092,0.8228309750556946,0.8010419607162476
401,0.0059900000000000335,0.11685459315776825,,,,,,
402,0.005980000000000034,0.11756816506385803,,,,,,
403,0.0059700000000000334,0.11839349567890167,,,,,,
404,0.005960000000000033,0.1199655681848526,,,,,,
405,0.0059500000000000325,0.11718317121267319,,,,,,
406,0.005940000000000033,0.11893987655639648,,,,,,
407,0.0059300000000000325,0.11730863153934479,,,,,,
408,0.005920000000000033,0.11354638636112213,,,,,,
409,0.0059100000000000315,0.1150735467672348,,,,,,
410,0.005900000000000032,0.1209198534488678,,,,,,
411,0.005890000000000031,0.1186889037489891,,,,,,
412,0.005880000000000032,0.12027288973331451,,,,,,
413,0.005870000000000031,0.11640337109565735,,,,,,
414,0.005860000000000032,0.11732783168554306,,,,,,
415,0.005850000000000031,0.11599143594503403,,,,,,
416,0.005840000000000033,0.11952164769172668,,,,,,
417,0.005830000000000031,0.12206286191940308,,,,,,
418,0.005820000000000033,0.12053627520799637,,,,,,
419,0.005810000000000031,0.12243423610925674,,,,,,
420,0.005800000000000032,0.11818424612283707,,,,,,
421,0.00579000000000003,0.11478155851364136,,,,,,
422,0.005780000000000031,0.11745481938123703,,,,,,
423,0.0057700000000000294,0.11929880082607269,,,,,,
424,0.005760000000000031,0.11883920431137085,,,,,,
425,0.005750000000000029,0.11727267503738403,,,,,,
426,0.00574000000000003,0.11769554764032364,,,,,,
427,0.0057300000000000285,0.11611896753311157,,,,,,
428,0.00572000000000003,0.11769403517246246,,,,,,
429,0.005710000000000028,0.11388661712408066,,,,,,
430,0.00570000000000003,0.11716803163290024,,,,,,
431,0.005690000000000028,0.11886773258447647,,,,,,
432,0.00568000000000003,0.11912169307470322,,,,,,
433,0.005670000000000028,0.11607159674167633,,,,,,
434,0.00566000000000003,0.11759305000305176,,,,,,
435,0.005650000000000028,0.11528654396533966,,,,,,
436,0.005640000000000029,0.1195303276181221,,,,,,
437,0.005630000000000027,0.11824643611907959,,,,,,
438,0.005620000000000028,0.11624988913536072,,,,,,
439,0.005610000000000026,0.11942000687122345,,,,,,
440,0.005600000000000028,0.11468766629695892,,,,,,
441,0.005590000000000026,0.12027204036712646,,,,,,
442,0.005580000000000028,0.11636660248041153,,,,,,
443,0.005570000000000026,0.12042244523763657,,,,,,
444,0.005560000000000028,0.11362208425998688,,,,,,
445,0.005550000000000026,0.118308424949646,,,,,,
446,0.0055400000000000275,0.11741098761558533,,,,,,
447,0.005530000000000026,0.11727294325828552,,,,,,
448,0.0055200000000000275,0.11546234041452408,,,,,,
449,0.005510000000000026,0.11668260395526886,,,,,,
450,0.0055000000000000274,0.11978805810213089,0.12270776927471161,0.9499242901802063,0.6676665544509888,0.7783117294311523,0.824455738067627,0.8007194995880127
451,0.005490000000000026,0.1173148900270462,,,,,,
452,0.005480000000000027,0.11843326687812805,,,,,,
453,0.005470000000000026,0.11579060554504395,,,,,,
454,0.0054600000000000265,0.11152011156082153,,,,,,
455,0.005450000000000025,0.11592954397201538,,,,,,
456,0.005440000000000026,0.11535506695508957,,,,,,
457,0.005430000000000025,0.11656590551137924,,,,,,
458,0.005420000000000026,0.11507497727870941,,,,,,
459,0.005410000000000025,0.11634831130504608,,,,,,
460,0.005400000000000026,0.11731298267841339,,,,,,
461,0.005390000000000025,0.11681503057479858,,,,,,
462,0.005380000000000026,0.11621455103158951,,,,,,
463,0.005370000000000025,0.11356629431247711,,,,,,
464,0.005360000000000026,0.11847357451915741,,,,,,
465,0.005350000000000025,0.11321917176246643,,,,,,
466,0.005340000000000026,0.11587202548980713,,,,,,
467,0.005330000000000025,0.11716252565383911,,,,,,
468,0.005320000000000026,0.11816953867673874,,,,,,
469,0.0053100000000000265,0.11603078246116638,,,,,,
470,0.005300000000000026,0.11813797056674957,,,,,,
471,0.005290000000000026,0.11577887833118439,,,,,,
472,0.005280000000000025,0.11546827107667923,,,,,,
473,0.005270000000000025,0.1145348995923996,,,,,,
474,0.005260000000000024,0.11783863604068756,,,,,,
475,0.005250000000000025,0.11415214091539383,,,,,,
476,0.005240000000000025,0.11840716004371643,,,,,,
477,0.005230000000000025,0.11294090747833252,,,,,,
478,0.005220000000000026,0.11681865900754929,,,,,,
479,0.005210000000000025,0.11692503839731216,,,,,,
480,0.005200000000000025,0.12043684720993042,,,,,,
481,0.005190000000000025,0.11294328421354294,,,,,,
482,0.005180000000000025,0.11251480877399445,,,,,,
483,0.005170000000000024,0.11652549356222153,,,,,,
484,0.005160000000000024,0.11616542935371399,,,,,,
485,0.0051500000000000235,0.11823758482933044,,,,,,
486,0.005140000000000024,0.11316917091608047,,,,,,
487,0.005130000000000024,0.11891741305589676,,,,,,
488,0.005120000000000024,0.1169862374663353,,,,,,
489,0.005110000000000023,0.1118452399969101,,,,,,
490,0.005100000000000023,0.11492270976305008,,,,,,
491,0.005090000000000023,0.11534133553504944,,,,,,
492,0.005080000000000024,0.11265162378549576,,,,,,
493,0.005070000000000023,0.11243369430303574,,,,,,
494,0.005060000000000023,0.11742646992206573,,,,,,
495,0.005050000000000023,0.11411353200674057,,,,,,
496,0.005040000000000023,0.11516845226287842,,,,,,
497,0.005030000000000023,0.11508890986442566,,,,,,
498,0.005020000000000023,0.11919839680194855,,,,,,
499,0.005010000000000022,0.11615477502346039,,,,,,
500,0.005000000000000022,0.11293619871139526,0.12423969805240631,0.9490799307823181,0.6632744073867798,0.7745361328125,0.8219788074493408,0.7975525856018066
501,0.004990000000000021,0.11450281739234924,,,,,,
502,0.004980000000000021,0.11425018310546875,,,,,,
503,0.00497000000000002,0.11353810131549835,,,,,,
504,0.00496000000000002,0.12251195311546326,,,,,,
505,0.0049500000000000195,0.11804082989692688,,,,,,
506,0.004940000000000019,0.11434927582740784,,,,,,
507,0.0049300000000000194,0.114283487200737,,,,,,
508,0.00492000000000002,0.1185094341635704,,,,,,
509,0.004910000000000019,0.1189580112695694,,,,,,
510,0.004900000000000019,0.1179850697517395,,,,,,
511,0.0048900000000000185,0.11481112241744995,,,,,,
512,0.004880000000000019,0.11651483178138733,,,,,,
513,0.004870000000000019,0.11952690780162811,,,,,,
514,0.00486000000000002,0.11579182744026184,,,,,,
515,0.004850000000000019,0.11444883793592453,,,,,,
516,0.00484000000000002,0.11911559104919434,,,,,,
517,0.004830000000000019,0.11861942708492279,,,,,,
518,0.004820000000000019,0.11556097120046616,,,,,,
519,0.004810000000000019,0.11641926318407059,,,,,,
520,0.004800000000000019,0.11471297591924667,,,,,,
521,0.004790000000000019,0.11256381869316101,,,,,,
522,0.0047800000000000195,0.1182863637804985,,,,,,
523,0.00477000000000002,0.12069109827280045,,,,,,
524,0.004760000000000019,0.12162820994853973,,,,,,
525,0.00475000000000002,0.12224934250116348,,,,,,
526,0.00474000000000002,0.11684128642082214,,,,,,
527,0.004730000000000021,0.11744677275419235,,,,,,
528,0.00472000000000002,0.11684960126876831,,,,,,
529,0.004710000000000021,0.11418614536523819,,,,,,
530,0.00470000000000002,0.11794045567512512,,,,,,
531,0.0046900000000000205,0.11617515981197357,,,,,,
532,0.00468000000000002,0.11263342946767807,,,,,,
533,0.0046700000000000205,0.11602935940027237,,,,,,
534,0.00466000000000002,0.11668667942285538,,,,,,
535,0.00465000000000002,0.11584551632404327,,,,,,
536,0.004640000000000019,0.11603288352489471,,,,,,
537,0.004630000000000019,0.11252190172672272,,,,,,
538,0.004620000000000018,0.11346419900655746,,,,,,
539,0.004610000000000019,0.11260674148797989,,,,,,
540,0.004600000000000019,0.1144198626279831,,,,,,
541,0.004590000000000019,0.11432135850191116,,,,,,
542,0.004580000000000019,0.11550773680210114,,,,,,
543,0.004570000000000019,0.11641232669353485,,,,,,
544,0.00456000000000002,0.11285635828971863,,,,,,
545,0.00455000000000002,0.11864693462848663,,,,,,
546,0.004540000000000021,0.11936530470848083,,,,,,
547,0.00453000000000002,0.11779644340276718,,,,,,
548,0.00452000000000002,0.11551085114479065,,,,,,
549,0.00451000000000002,0.1134132444858551,,,,,,
550,0.0045000000000000205,0.11598381400108337,0.12243275344371796,0.9498133659362793,0.6659899950027466,0.7799606919288635,0.8200699687004089,0.7995126247406006
551,0.00449000000000002,0.11471725255250931,,,,,,
552,0.00448000000000002,0.11552295833826065,,,,,,
553,0.00447000000000002,0.11850564181804657,,,,,,
554,0.0044600000000000195,0.11608315259218216,,,,,,
555,0.004450000000000019,0.11531665921211243,,,,,,
556,0.0044400000000000195,0.11386440694332123,,,,,,
557,0.00443000000000002,0.11531856656074524,,,,,,
558,0.00442000000000002,0.11441940069198608,,,,,,
559,0.004410000000000021,0.11588713526725769,,,,,,
560,0.00440000000000002,0.11457453668117523,,,,,,
561,0.00439000000000002,0.11934806406497955,,,,,,
562,0.004380000000000019,0.11427388340234756,,,,,,
563,0.004370000000000021,0.1161373034119606,,,,,,
564,0.004360000000000021,0.11522877961397171,,,,,,
565,0.0043500000000000205,0.11500350385904312,,,,,,
566,0.00434000000000002,0.11752159893512726,,,,,,
567,0.00433000000000002,0.11488661170005798,,,,,,
568,0.00432000000000002,0.1151130348443985,,,,,,
569,0.00431000000000002,0.1144549623131752,,,,,,
570,0.004300000000000021,0.11467216908931732,,,,,,
571,0.00429000000000002,0.11549372971057892,,,,,,
572,0.00428000000000002,0.1153666079044342,,,,,,
573,0.0042700000000000194,0.11742590367794037,,,,,,
574,0.004260000000000019,0.11185473948717117,,,,,,
575,0.0042500000000000185,0.11876444518566132,,,,,,
576,0.004240000000000019,0.11756934970617294,,,,,,
577,0.0042300000000000185,0.11696881055831909,,,,,,
578,0.004220000000000018,0.11586262285709381,,,,,,
579,0.004210000000000018,0.11988871544599533,,,,,,
580,0.004200000000000018,0.1128571629524231,,,,,,
581,0.004190000000000018,0.11336906999349594,,,,,,
582,0.004180000000000018,0.11651534587144852,,,,,,
583,0.004170000000000018,0.11419402062892914,,,,,,
584,0.004160000000000019,0.11507245898246765,,,,,,
585,0.004150000000000019,0.11293907463550568,,,,,,
586,0.0041400000000000195,0.11228326708078384,,,,,,
587,0.004130000000000019,0.11340227723121643,,,,,,
588,0.004120000000000019,0.11261598765850067,,,,,,
589,0.004110000000000018,0.11739231646060944,,,,,,
590,0.004100000000000018,0.11703608185052872,,,,,,
591,0.004090000000000017,0.11703746020793915,,,,,,
592,0.004080000000000018,0.11361010372638702,,,,,,
593,0.004070000000000018,0.11550754308700562,,,,,,
594,0.0040600000000000185,0.11867863684892654,,,,,,
595,0.004050000000000018,0.11277182400226593,,,,,,
596,0.004040000000000018,0.11543463170528412,,,,,,
597,0.004030000000000018,0.11323253810405731,,,,,,
598,0.0040200000000000175,0.1166749894618988,,,,,,
599,0.004010000000000017,0.1136162132024765,,,,,,
600,0.004000000000000017,0.11435140669345856,0.12275054305791855,0.9496622681617737,0.6670976281166077,0.7755982875823975,0.8266486525535583,0.8003101944923401
601,0.003990000000000018,0.11341746151447296,,,,,,
602,0.003980000000000017,0.11474689096212387,,,,,,
603,0.003970000000000018,0.11418922990560532,,,,,,
604,0.003960000000000018,0.11246438324451447,,,,,,
605,0.003950000000000019,0.1138991117477417,,,,,,
606,0.003940000000000018,0.11311855912208557,,,,,,
607,0.0039300000000000185,0.11647341400384903,,,,,,
608,0.003920000000000019,0.11442123353481293,,,,,,
609,0.003910000000000019,0.11236077547073364,,,,,,
610,0.0039000000000000193,0.11462686210870743,,,,,,
611,0.0038900000000000193,0.11383427679538727,,,,,,
612,0.0038800000000000193,0.1183777004480362,,,,,,
613,0.0038700000000000193,0.11183719336986542,,,,,,
614,0.0038600000000000192,0.11301746964454651,,,,,,
615,0.003850000000000019,0.11552508175373077,,,,,,
616,0.003840000000000019,0.12070176005363464,,,,,,
617,0.003830000000000019,0.11581677943468094,,,,,,
618,0.003820000000000019,0.11561252176761627,,,,,,
619,0.003810000000000019,0.11381669342517853,,,,,,
620,0.003800000000000019,0.11872126162052155,,,,,,
621,0.003790000000000019,0.11534298211336136,,,,,,
622,0.003780000000000019,0.11838186532258987,,,,,,
623,0.003770000000000019,0.11565843224525452,,,,,,
624,0.003760000000000019,0.11219649016857147,,,,,,
625,0.003750000000000019,0.11453402787446976,,,,,,
626,0.003740000000000019,0.11353987455368042,,,,,,
627,0.003730000000000019,0.1149372011423111,,,,,,
628,0.003720000000000019,0.11358379572629929,,,,,,
629,0.003710000000000019,0.1153540387749672,,,,,,
630,0.003700000000000019,0.11234474927186966,,,,,,
631,0.003690000000000019,0.11432166397571564,,,,,,
632,0.0036800000000000188,0.11553236842155457,,,,,,
633,0.0036700000000000187,0.11795148998498917,,,,,,
634,0.0036600000000000187,0.11388185620307922,,,,,,
635,0.0036500000000000187,0.11575792729854584,,,,,,
636,0.0036400000000000187,0.11282719671726227,,,,,,
637,0.0036300000000000186,0.1134270429611206,,,,,,
638,0.0036200000000000186,0.11505371332168579,,,,,,
639,0.0036100000000000186,0.11244691908359528,,,,,,
640,0.0036000000000000185,0.11401312798261642,,,,,,
641,0.0035900000000000185,0.11397968232631683,,,,,,
642,0.0035800000000000185,0.11298594623804092,,,,,,
643,0.0035700000000000185,0.11637135595083237,,,,,,
644,0.0035600000000000184,0.112669438123703,,,,,,
645,0.0035500000000000184,0.11018005758523941,,,,,,
646,0.0035400000000000184,0.1134275570511818,,,,,,
647,0.0035300000000000184,0.11315739154815674,,,,,,
648,0.0035200000000000183,0.11470809578895569,,,,,,
649,0.0035100000000000183,0.11644880473613739,,,,,,
650,0.0035000000000000183,0.1146526038646698,0.12340543419122696,0.9493724703788757,0.6633166670799255,0.778694212436676,0.8174112439155579,0.7975831627845764
651,0.0034900000000000183,0.11218231916427612,,,,,,
652,0.0034800000000000182,0.11343264579772949,,,,,,
653,0.003470000000000018,0.1124139204621315,,,,,,
654,0.003460000000000018,0.11559129506349564,,,,,,
655,0.003450000000000018,0.11156001687049866,,,,,,
656,0.0034400000000000177,0.11386053264141083,,,,,,
657,0.0034300000000000177,0.1169905960559845,,,,,,
658,0.0034200000000000176,0.11288077384233475,,,,,,
659,0.0034100000000000176,0.11269727349281311,,,,,,
660,0.0034000000000000176,0.11406693607568741,,,,,,
661,0.0033900000000000176,0.11595818400382996,,,,,,
662,0.0033800000000000175,0.11611892282962799,,,,,,
663,0.0033700000000000175,0.11194930225610733,,,,,,
664,0.0033600000000000175,0.11207269132137299,,,,,,
665,0.0033500000000000175,0.1116761863231659,,,,,,
666,0.0033400000000000174,0.11296454071998596,,,,,,
667,0.0033300000000000174,0.113631971180439,,,,,,
668,0.0033200000000000174,0.11433786153793335,,,,,,
669,0.0033100000000000174,0.10946700721979141,,,,,,
670,0.0033000000000000173,0.11565138399600983,,,,,,
671,0.0032900000000000173,0.11593207716941833,,,,,,
672,0.0032800000000000173,0.11444148421287537,,,,,,
673,0.0032700000000000173,0.11254996806383133,,,,,,
674,0.0032600000000000172,0.11685243248939514,,,,,,
675,0.003250000000000017,0.11301767826080322,,,,,,
676,0.003240000000000017,0.11471205949783325,,,,,,
677,0.003230000000000017,0.11393070220947266,,,,,,
678,0.003220000000000017,0.11446678638458252,,,,,,
679,0.003210000000000017,0.11179789900779724,,,,,,
680,0.003200000000000017,0.11709204316139221,,,,,,
681,0.003190000000000017,0.11417198181152344,,,,,,
682,0.003180000000000017,0.11069739609956741,,,,,,
683,0.003170000000000017,0.11500641703605652,,,,,,
684,0.003160000000000017,0.11138299107551575,,,,,,
685,0.003150000000000017,0.11934499442577362,,,,,,
686,0.003140000000000017,0.11370565742254257,,,,,,
687,0.003130000000000017,0.11095765233039856,,,,,,
688,0.003120000000000018,0.11173979938030243,,,,,,
689,0.003110000000000018,0.11632421612739563,,,,,,
690,0.003100000000000018,0.11520006507635117,,,,,,
691,0.003090000000000018,0.11372049152851105,,,,,,
692,0.003080000000000018,0.11432956159114838,,,,,,
693,0.003070000000000018,0.11660994589328766,,,,,,
694,0.003060000000000018,0.11456122994422913,,,,,,
695,0.003050000000000018,0.11626876890659332,,,,,,
696,0.003040000000000018,0.11699341237545013,,,,,,
697,0.003030000000000018,0.11714531481266022,,,,,,
698,0.003020000000000018,0.1126890629529953,,,,,,
699,0.003010000000000018,0.11433865875005722,,,,,,
700,0.003000000000000018,0.115513876080513,0.12168601155281067,0.9499672651290894,0.6675602197647095,0.7791516780853271,0.82335364818573,0.8006430268287659
701,0.002990000000000018,0.11157713830471039,,,,,,
702,0.002980000000000018,0.11435842514038086,,,,,,
703,0.0029700000000000178,0.11659222841262817,,,,,,
704,0.0029600000000000177,0.11526448279619217,,,,,,
705,0.0029500000000000177,0.11996827274560928,,,,,,
706,0.0029400000000000177,0.11652305722236633,,,,,,
707,0.0029300000000000177,0.11262969672679901,,,,,,
708,0.0029200000000000176,0.11227259039878845,,,,,,
709,0.0029100000000000176,0.11174535006284714,,,,,,
710,0.0029000000000000176,0.11299976706504822,,,,,,
711,0.0028900000000000176,0.11867403239011765,,,,,,
712,0.0028800000000000175,0.11158058047294617,,,,,,
713,0.0028700000000000175,0.1136135458946228,,,,,,
714,0.0028600000000000175,0.11336234211921692,,,,,,
715,0.0028500000000000174,0.11337988078594208,,,,,,
716,0.0028400000000000174,0.1130700334906578,,,,,,
717,0.0028300000000000174,0.11084182560443878,,,,,,
718,0.0028200000000000174,0.11367160081863403,,,,,,
719,0.0028100000000000173,0.11445368081331253,,,,,,
720,0.0028000000000000173,0.1124604120850563,,,,,,
721,0.0027900000000000173,0.11278036236763,,,,,,
722,0.0027800000000000173,0.11199425905942917,,,,,,
723,0.0027700000000000172,0.11355321109294891,,,,,,
724,0.002760000000000017,0.11334442347288132,,,,,,
725,0.002750000000000017,0.11333221942186356,,,,,,
726,0.002740000000000017,0.11330876499414444,,,,,,
727,0.002730000000000017,0.11169185489416122,,,,,,
728,0.002720000000000017,0.11380517482757568,,,,,,
729,0.002710000000000017,0.10955707728862762,,,,,,
730,0.002700000000000017,0.1173260509967804,,,,,,
731,0.002690000000000017,0.1148274689912796,,,,,,
732,0.002680000000000017,0.11579391360282898,,,,,,
733,0.002670000000000017,0.11590486764907837,,,,,,
734,0.002660000000000017,0.11183974891901016,,,,,,
735,0.002650000000000017,0.11042800545692444,,,,,,
736,0.002640000000000017,0.1124335527420044,,,,,,
737,0.002630000000000017,0.11398201435804367,,,,,,
738,0.002620000000000017,0.11204111576080322,,,,,,
739,0.002610000000000017,0.11091729998588562,,,,,,
740,0.002600000000000017,0.11323319375514984,,,,,,
741,0.0025900000000000168,0.11446190625429153,,,,,,
742,0.0025800000000000167,0.11050760000944138,,,,,,
743,0.0025700000000000167,0.1157064363360405,,,,,,
744,0.0025600000000000167,0.10970476269721985,,,,,,
745,0.0025500000000000167,0.11258454620838165,,,,,,
746,0.0025400000000000166,0.10922330617904663,,,,,,
747,0.0025300000000000166,0.1095847636461258,,,,,,
748,0.0025200000000000166,0.11128033697605133,,,,,,
749,0.0025100000000000166,0.11603854596614838,,,,,,
750,0.0025000000000000165,0.11315765231847763,0.12772691249847412,0.9485891461372375,0.6667804718017578,0.7612676620483398,0.8430668711662292,0.8000819683074951
751,0.0024900000000000165,0.11251731216907501,,,,,,
752,0.0024800000000000165,0.1141912117600441,,,,,,
753,0.0024700000000000165,0.11371457576751709,,,,,,
754,0.0024600000000000164,0.10990423709154129,,,,,,
755,0.0024500000000000164,0.11027251929044724,,,,,,
756,0.0024400000000000164,0.11206437647342682,,,,,,
757,0.0024300000000000163,0.11318378150463104,,,,,,
758,0.0024200000000000163,0.1093822568655014,,,,,,
759,0.0024100000000000163,0.11414200067520142,,,,,,
760,0.0024000000000000163,0.11438509821891785,,,,,,
761,0.0023900000000000162,0.11396132409572601,,,,,,
762,0.0023800000000000162,0.11271240562200546,,,,,,
763,0.002370000000000016,0.11678381264209747,,,,,,
764,0.002360000000000016,0.1144440621137619,,,,,,
765,0.002350000000000016,0.1145491972565651,,,,,,
766,0.002340000000000016,0.10777933895587921,,,,,,
767,0.002330000000000016,0.11600638926029205,,,,,,
768,0.002320000000000016,0.11178965866565704,,,,,,
769,0.002310000000000016,0.10803001374006271,,,,,,
770,0.002300000000000016,0.11254198849201202,,,,,,
771,0.002290000000000016,0.11564630270004272,,,,,,
772,0.002280000000000016,0.11387871205806732,,,,,,
773,0.002270000000000016,0.11557015776634216,,,,,,
774,0.002260000000000016,0.11596278846263885,,,,,,
775,0.002250000000000016,0.11014427989721298,,,,,,
776,0.002240000000000016,0.11378902196884155,,,,,,
777,0.002230000000000016,0.11320800334215164,,,,,,
778,0.002220000000000016,0.11325492709875107,,,,,,
779,0.0022100000000000158,0.11197264492511749,,,,,,
780,0.0022000000000000157,0.11649632453918457,,,,,,
781,0.0021900000000000157,0.11335988342761993,,,,,,
782,0.0021800000000000157,0.11393381655216217,,,,,,
783,0.0021700000000000157,0.11633031815290451,,,,,,
784,0.0021600000000000156,0.1135859414935112,,,,,,
785,0.0021500000000000156,0.11451653391122818,,,,,,
786,0.0021400000000000156,0.11075198650360107,,,,,,
787,0.0021300000000000156,0.11313273757696152,,,,,,
788,0.0021200000000000155,0.11239592730998993,,,,,,
789,0.0021100000000000155,0.11475887894630432,,,,,,
790,0.0021000000000000155,0.11486829072237015,,,,,,
791,0.0020900000000000155,0.11294666677713394,,,,,,
792,0.0020800000000000154,0.1134134829044342,,,,,,
793,0.0020700000000000154,0.11476539820432663,,,,,,
794,0.0020600000000000154,0.11060409247875214,,,,,,
795,0.0020500000000000154,0.11268067359924316,,,,,,
796,0.0020400000000000153,0.11267270147800446,,,,,,
797,0.0020300000000000153,0.11611553281545639,,,,,,
798,0.0020200000000000153,0.11125481128692627,,,,,,
799,0.0020100000000000152,0.1102672591805458,,,,,,
800,0.0020000000000000152,0.11053528636693954,0.12412703782320023,0.9488650560379028,0.6663711667060852,0.7657428979873657,0.8369994759559631,0.7997872233390808
801,0.001990000000000015,0.10962850600481033,,,,,,
802,0.001980000000000015,0.11529321223497391,,,,,,
803,0.001970000000000015,0.11247484385967255,,,,,,
804,0.001960000000000015,0.11400654911994934,,,,,,
805,0.0019500000000000149,0.11275560408830643,,,,,,
806,0.0019400000000000148,0.11357990652322769,,,,,,
807,0.0019300000000000148,0.11575029790401459,,,,,,
808,0.0019200000000000148,0.11434037983417511,,,,,,
809,0.0019100000000000146,0.11243680119514465,,,,,,
810,0.0019000000000000143,0.11193977296352386,,,,,,
811,0.0018900000000000143,0.1126771867275238,,,,,,
812,0.001880000000000014,0.11148339509963989,,,,,,
813,0.001870000000000015,0.11087727546691895,,,,,,
814,0.001860000000000015,0.11077608913183212,,,,,,
815,0.001850000000000015,0.11118469387292862,,,,,,
816,0.0018400000000000148,0.1071305200457573,,,,,,
817,0.0018300000000000148,0.1134270653128624,,,,,,
818,0.0018200000000000147,0.1144745796918869,,,,,,
819,0.0018100000000000147,0.1093076765537262,,,,,,
820,0.0018000000000000147,0.11091738939285278,,,,,,
821,0.0017900000000000147,0.1127602756023407,,,,,,
822,0.0017800000000000144,0.110401950776577,,,,,,
823,0.0017700000000000144,0.11166856437921524,,,,,,
824,0.0017600000000000142,0.1116696149110794,,,,,,
825,0.001750000000000014,0.1165364533662796,,,,,,
826,0.0017400000000000139,0.11285893619060516,,,,,,
827,0.0017300000000000136,0.11287349462509155,,,,,,
828,0.0017200000000000134,0.11375781893730164,,,,,,
829,0.0017100000000000134,0.11020724475383759,,,,,,
830,0.0017000000000000131,0.1127270758152008,,,,,,
831,0.001690000000000013,0.10844509303569794,,,,,,
832,0.001680000000000013,0.11492060869932175,,,,,,
833,0.001670000000000013,0.11017520725727081,,,,,,
834,0.0016600000000000128,0.11260557174682617,,,,,,
835,0.0016500000000000128,0.11598647385835648,,,,,,
836,0.0016400000000000125,0.1102205291390419,,,,,,
837,0.0016300000000000125,0.11327682435512543,,,,,,
838,0.0016200000000000125,0.11350290477275848,,,,,,
839,0.0016100000000000125,0.1104646772146225,,,,,,
840,0.0016000000000000124,0.11679434776306152,,,,,,
841,0.0015900000000000124,0.1123373880982399,,,,,,
842,0.0015800000000000124,0.11489488929510117,,,,,,
843,0.0015700000000000124,0.10961215943098068,,,,,,
844,0.0015600000000000123,0.1178375780582428,,,,,,
845,0.0015500000000000123,0.11295383423566818,,,,,,
846,0.0015400000000000123,0.1128404289484024,,,,,,
847,0.001530000000000012,0.10851110517978668,,,,,,
848,0.001520000000000012,0.1103842705488205,,,,,,
849,0.001510000000000012,0.11444112658500671,,,,,,
850,0.001500000000000012,0.10994135588407516,0.12312434613704681,0.9491243362426758,0.6655029058456421,0.7709536552429199,0.8295118808746338,0.7991614937782288
851,0.0014900000000000117,0.11087594926357269,,,,,,
852,0.0014800000000000117,0.11553250253200531,,,,,,
853,0.0014700000000000114,0.11143278330564499,,,,,,
854,0.0014600000000000114,0.11194641143083572,,,,,,
855,0.0014500000000000114,0.11376716196537018,,,,,,
856,0.0014400000000000114,0.10943938791751862,,,,,,
857,0.0014300000000000113,0.10724454373121262,,,,,,
858,0.0014200000000000113,0.11581630259752274,,,,,,
859,0.0014100000000000113,0.1149204820394516,,,,,,
860,0.0014000000000000113,0.11500388383865356,,,,,,
861,0.0013900000000000112,0.10976763069629669,,,,,,
862,0.0013800000000000112,0.11357744038105011,,,,,,
863,0.0013700000000000112,0.11114620417356491,,,,,,
864,0.0013600000000000112,0.11561882495880127,,,,,,
865,0.0013500000000000111,0.11171308159828186,,,,,,
866,0.001340000000000011,0.11125601083040237,,,,,,
867,0.001330000000000011,0.11105193942785263,,,,,,
868,0.0013200000000000108,0.11411380022764206,,,,,,
869,0.0013100000000000108,0.11181730031967163,,,,,,
870,0.0013000000000000108,0.11357535421848297,,,,,,
871,0.0012900000000000108,0.11013252288103104,,,,,,
872,0.0012800000000000107,0.10871805250644684,,,,,,
873,0.0012700000000000107,0.11158610135316849,,,,,,
874,0.0012600000000000107,0.11291036754846573,,,,,,
875,0.0012500000000000107,0.11364981532096863,,,,,,
876,0.0012400000000000106,0.11252077668905258,,,,,,
877,0.0012300000000000106,0.11262744665145874,,,,,,
878,0.0012200000000000104,0.10948870331048965,,,,,,
879,0.0012100000000000103,0.11184372752904892,,,,,,
880,0.0012000000000000103,0.11120332777500153,,,,,,
881,0.0011900000000000103,0.11038191616535187,,,,,,
882,0.0011800000000000103,0.11139298230409622,,,,,,
883,0.0011700000000000102,0.10856357216835022,,,,,,
884,0.0011600000000000102,0.11186045408248901,,,,,,
885,0.0011500000000000102,0.1096750944852829,,,,,,
886,0.00114000000000001,0.11087208986282349,,,,,,
887,0.00113000000000001,0.11181585490703583,,,,,,
888,0.0011200000000000099,0.1163131445646286,,,,,,
889,0.0011100000000000099,0.11173311620950699,,,,,,
890,0.0011000000000000098,0.10980319231748581,,,,,,
891,0.0010900000000000096,0.11262662708759308,,,,,,
892,0.0010800000000000093,0.10913904011249542,,,,,,
893,0.0010700000000000093,0.11116738617420197,,,,,,
894,0.0010600000000000093,0.10932603478431702,,,,,,
895,0.0010500000000000093,0.11117410659790039,,,,,,
896,0.0010400000000000092,0.11570708453655243,,,,,,
897,0.0010300000000000092,0.10884878039360046,,,,,,
898,0.0010200000000000092,0.1138443723320961,,,,,,
899,0.0010100000000000092,0.10693833231925964,,,,,,
900,0.0010000000000000091,0.11461080610752106,0.12360692024230957,0.9491783976554871,0.6681724190711975,0.766740083694458,0.8386470079421997,0.8010831475257874
901,0.000990000000000009,0.11252690106630325,,,,,,
902,0.0009800000000000089,0.11290738731622696,,,,,,
903,0.0009700000000000087,0.108244389295578,,,,,,
904,0.0009600000000000087,0.11288627237081528,,,,,,
905,0.0009500000000000087,0.11279256641864777,,,,,,
906,0.0009400000000000085,0.11168596148490906,,,,,,
907,0.0009300000000000085,0.11168292164802551,,,,,,
908,0.0009200000000000084,0.11140371114015579,,,,,,
909,0.0009100000000000082,0.11299903690814972,,,,,,
910,0.0009000000000000082,0.11195264756679535,,,,,,
911,0.0008900000000000082,0.11155928671360016,,,,,,
912,0.0008800000000000081,0.10896631330251694,,,,,,
913,0.0008700000000000079,0.10933483392000198,,,,,,
914,0.0008600000000000079,0.11173129081726074,,,,,,
915,0.0008500000000000078,0.11016146838665009,,,,,,
916,0.0008400000000000076,0.10947346687316895,,,,,,
917,0.0008300000000000075,0.11216782033443451,,,,,,
918,0.0008200000000000074,0.11397357285022736,,,,,,
919,0.0008100000000000072,0.11145211011171341,,,,,,
920,0.0008000000000000071,0.1115969642996788,,,,,,
921,0.000790000000000007,0.10894380509853363,,,,,,
922,0.0007800000000000068,0.1119505763053894,,,,,,
923,0.0007700000000000067,0.11041539162397385,,,,,,
924,0.0007600000000000065,0.10939445346593857,,,,,,
925,0.0007500000000000064,0.11088505387306213,,,,,,
926,0.0007400000000000064,0.11151470243930817,,,,,,
927,0.0007300000000000064,0.11375731974840164,,,,,,
928,0.0007200000000000062,0.11123295873403549,,,,,,
929,0.0007100000000000061,0.11289370059967041,,,,,,
930,0.0007000000000000061,0.11328968405723572,,,,,,
931,0.0006900000000000059,0.10923779755830765,,,,,,
932,0.0006800000000000058,0.10973995178937912,,,,,,
933,0.0006700000000000057,0.10928557068109512,,,,,,
934,0.0006600000000000055,0.10993252694606781,,,,,,
935,0.0006500000000000055,0.11198903620243073,,,,,,
936,0.0006400000000000054,0.1087542176246643,,,,,,
937,0.0006300000000000052,0.11058147251605988,,,,,,
938,0.0006200000000000062,0.11103586852550507,,,,,,
939,0.000610000000000006,0.11249738931655884,,,,,,
940,0.0006000000000000059,0.10914703458547592,,,,,,
941,0.0005900000000000058,0.11152688413858414,,,,,,
942,0.0005800000000000057,0.11419245600700378,,,,,,
943,0.0005700000000000056,0.11191163212060928,,,,,,
944,0.0005600000000000055,0.1075061783194542,,,,,,
945,0.0005500000000000053,0.1115160584449768,,,,,,
946,0.0005400000000000052,0.11287064850330353,,,,,,
947,0.0005300000000000051,0.1106315478682518,,,,,,
948,0.0005200000000000049,0.1140076071023941,,,,,,
949,0.0005100000000000048,0.11087154597043991,,,,,,
950,0.0005000000000000047,0.11416678130626678,0.12269479036331177,0.9494459629058838,0.6677691340446472,0.7712277173995972,0.8327159881591797,0.8007932901382446
951,0.0004900000000000045,0.11453402042388916,,,,,,
952,0.00048000000000000446,0.11196210235357285,,,,,,
953,0.0004700000000000043,0.11085277795791626,,,,,,
954,0.00046000000000000424,0.11111630499362946,,,,,,
955,0.00045000000000000416,0.11124567687511444,,,,,,
956,0.0004400000000000041,0.11198413372039795,,,,,,
957,0.000430000000000004,0.11262308806180954,,,,,,
958,0.00042000000000000387,0.11059156060218811,,,,,,
959,0.0004100000000000038,0.11330269277095795,,,,,,
960,0.0004000000000000037,0.10971185564994812,,,,,,
961,0.0003900000000000036,0.10803265124559402,,,,,,
962,0.00038000000000000354,0.10887430608272552,,,,,,
963,0.00037000000000000346,0.10930265486240387,,,,,,
964,0.0003600000000000034,0.11039353907108307,,,,,,
965,0.0003500000000000033,0.111991286277771,,,,,,
966,0.0003400000000000032,0.10782478749752045,,,,,,
967,0.00033000000000000314,0.10870829224586487,,,,,,
968,0.00032000000000000306,0.11516980826854706,,,,,,
969,0.000310000000000003,0.10987728089094162,,,,,,
970,0.0003000000000000029,0.10978518426418304,,,,,,
971,0.0002900000000000028,0.10943637788295746,,,,,,
972,0.00028000000000000274,0.11194261163473129,,,,,,
973,0.00027000000000000266,0.11164569854736328,,,,,,
974,0.0002600000000000025,0.11049176752567291,,,,,,
975,0.00025000000000000244,0.11153332144021988,,,,,,
976,0.00024000000000000234,0.1111525371670723,,,,,,
977,0.00023000000000000226,0.11143332719802856,,,,,,
978,0.00022000000000000218,0.1103476956486702,,,,,,
979,0.0002100000000000021,0.10874227434396744,,,,,,
980,0.000200000000000002,0.10950370877981186,,,,,,
981,0.00019000000000000188,0.11111541092395782,,,,,,
982,0.00018000000000000177,0.1098293587565422,,,,,,
983,0.00017000000000000167,0.10990205407142639,,,,,,
984,0.00016000000000000156,0.11206470429897308,,,,,,
985,0.00015000000000000145,0.11102019250392914,,,,,,
986,0.00014000000000000134,0.1122361570596695,,,,,,
987,0.00013000000000000126,0.10803800821304321,,,,,,
988,0.00012000000000000117,0.11276057362556458,,,,,,
989,0.00011000000000000106,0.11281227320432663,,,,,,
990,0.00010000000000000097,0.10933741927146912,,,,,,
991,9.000000000000087e-05,0.11379054933786392,,,,,,
992,8.000000000000077e-05,0.10908721387386322,,,,,,
993,7.000000000000067e-05,0.111293263733387,,,,,,
994,6.000000000000057e-05,0.10948190838098526,,,,,,
995,5.000000000000048e-05,0.11139035224914551,,,,,,
996,4.000000000000038e-05,0.11504927277565002,,,,,,
997,3.000000000000029e-05,0.11038429290056229,,,,,,
998,2.000000000000019e-05,0.11337398737668991,,,,,,
999,1.0000000000000096e-05,0.11153143644332886,0.12297949194908142,0.9492934942245483,0.6675423383712769,0.7695088386535645,0.8343748450279236,0.8006301522254944
